{"cameraMode":{"drawMode":0,"name":"Shaded","section":"Shading Mode"},"sceneLighting":false,"audioPlay":false,"sceneViewState":{"showFog":true,"showMaterialUpdate":false,"showSkybox":true,"showFlares":true,"showImageEffects":true,"showParticleSystems":true},"in2DMode":false,"pivot":{"x":-35.00006103515625,"y":-90.19149780273438,"z":0.0},"rotation":{"x":0.020688766613602639,"y":0.005096002481877804,"z":0.00010562750685494393,"w":-0.9997748136520386},"size":1426.567138671875,"orthographic":false}